[{"uid":"e3801c4e39ba1db","name":"Search button is disabled when we dont enter any data","time":{"start":1700802846488,"stop":1700802846653,"duration":165},"status":"passed","severity":"minor"},{"uid":"22cda6cf7204b424","name":"Search button is working fine when we enter wrong input","time":{"start":1700802861264,"stop":1700802871386,"duration":10122},"status":"passed","severity":"minor"},{"uid":"67d6269ae974846f","name":"Checks Product Quantity Can Be Changed","time":{"start":1700802955930,"stop":1700802965721,"duration":9791},"status":"passed","severity":"minor"},{"uid":"747a98ad1d79f95b","name":"Check the home button","time":{"start":1700802883889,"stop":1700802887268,"duration":3379},"status":"passed","severity":"minor"},{"uid":"bd1825ed3f0d796a","name":"Checks Product Can Be Deleted From The Cart","time":{"start":1700803003811,"stop":1700803028209,"duration":24398},"status":"broken","severity":"minor"},{"uid":"c8bf2be69b440106","name":"Check the contact button","time":{"start":1700802927002,"stop":1700802930367,"duration":3365},"status":"passed","severity":"minor"},{"uid":"44049af03735b301","name":"Search button is working properly when we enter product name","time":{"start":1700802809082,"stop":1700802815335,"duration":6253},"status":"passed","severity":"minor"},{"uid":"3e6b58fd716dba19","name":"Check the shepping button","time":{"start":1700802941483,"stop":1700802944232,"duration":2749},"status":"passed","severity":"minor"},{"uid":"fdc861f6830478d1","name":"Clicks On Cart Logo","time":{"start":1700802974410,"stop":1700802978163,"duration":3753},"status":"passed","severity":"minor"},{"uid":"fc990e53aa758d90","name":"Check the Blog button","time":{"start":1700802913198,"stop":1700802916630,"duration":3432},"status":"passed","severity":"minor"},{"uid":"b4c629f1c7662af2","name":"Search items with unique numbers","time":{"start":1700802827464,"stop":1700802833981,"duration":6517},"status":"passed","severity":"minor"},{"uid":"360f133f074dc965","name":"Clicks On Add to Cart Button On A Product","time":{"start":1700802989042,"stop":1700802993886,"duration":4844},"status":"failed","severity":"minor"},{"uid":"31300769117124eb","name":"Check the about button","time":{"start":1700802899944,"stop":1700802903071,"duration":3127},"status":"passed","severity":"minor"}]