{"uid":"b1a8273437954620fa374b796ffaacdd","name":"behaviors","children":[{"name":"EP Search","children":[{"name":"Search button is working properly when we enter product name","uid":"44049af03735b301","parentUid":"a17ce1b0ad177d6dee3028a3375be140","status":"passed","time":{"start":1700802809082,"stop":1700802815335,"duration":6253},"flaky":false,"newFailed":false,"newPassed":false,"newBroken":false,"retriesCount":0,"retriesStatusChange":false,"parameters":[],"tags":[]},{"name":"Search items with unique numbers","uid":"b4c629f1c7662af2","parentUid":"a17ce1b0ad177d6dee3028a3375be140","status":"passed","time":{"start":1700802827464,"stop":1700802833981,"duration":6517},"flaky":false,"newFailed":false,"newPassed":false,"newBroken":false,"retriesCount":0,"retriesStatusChange":false,"parameters":[],"tags":[]},{"name":"Search button is disabled when we dont enter any data","uid":"e3801c4e39ba1db","parentUid":"a17ce1b0ad177d6dee3028a3375be140","status":"passed","time":{"start":1700802846488,"stop":1700802846653,"duration":165},"flaky":false,"newFailed":false,"newPassed":false,"newBroken":false,"retriesCount":0,"retriesStatusChange":false,"parameters":[],"tags":[]},{"name":"Search button is working fine when we enter wrong input","uid":"22cda6cf7204b424","parentUid":"a17ce1b0ad177d6dee3028a3375be140","status":"passed","time":{"start":1700802861264,"stop":1700802871386,"duration":10122},"flaky":false,"newFailed":false,"newPassed":false,"newBroken":false,"retriesCount":0,"retriesStatusChange":false,"parameters":[],"tags":[]}],"uid":"a17ce1b0ad177d6dee3028a3375be140"},{"name":"EP Navbar","children":[{"name":"Check the home button","uid":"747a98ad1d79f95b","parentUid":"bd92f6fa3f94652bf9d8a82a9814c92e","status":"passed","time":{"start":1700802883889,"stop":1700802887268,"duration":3379},"flaky":false,"newFailed":false,"newPassed":false,"newBroken":false,"retriesCount":0,"retriesStatusChange":false,"parameters":[],"tags":[]},{"name":"Check the about button","uid":"31300769117124eb","parentUid":"bd92f6fa3f94652bf9d8a82a9814c92e","status":"passed","time":{"start":1700802899944,"stop":1700802903071,"duration":3127},"flaky":false,"newFailed":false,"newPassed":false,"newBroken":false,"retriesCount":0,"retriesStatusChange":false,"parameters":[],"tags":[]},{"name":"Check the Blog button","uid":"fc990e53aa758d90","parentUid":"bd92f6fa3f94652bf9d8a82a9814c92e","status":"passed","time":{"start":1700802913198,"stop":1700802916630,"duration":3432},"flaky":false,"newFailed":false,"newPassed":false,"newBroken":false,"retriesCount":0,"retriesStatusChange":false,"parameters":[],"tags":[]},{"name":"Check the contact button","uid":"c8bf2be69b440106","parentUid":"bd92f6fa3f94652bf9d8a82a9814c92e","status":"passed","time":{"start":1700802927002,"stop":1700802930367,"duration":3365},"flaky":false,"newFailed":false,"newPassed":false,"newBroken":false,"retriesCount":0,"retriesStatusChange":false,"parameters":[],"tags":[]},{"name":"Check the shepping button","uid":"3e6b58fd716dba19","parentUid":"bd92f6fa3f94652bf9d8a82a9814c92e","status":"passed","time":{"start":1700802941483,"stop":1700802944232,"duration":2749},"flaky":false,"newFailed":false,"newPassed":false,"newBroken":false,"retriesCount":0,"retriesStatusChange":false,"parameters":[],"tags":[]}],"uid":"bd92f6fa3f94652bf9d8a82a9814c92e"},{"name":"EP Cart","children":[{"name":"Checks Product Quantity Can Be Changed","uid":"67d6269ae974846f","parentUid":"7df792e5c0183db7d813fe8e1d1259bf","status":"passed","time":{"start":1700802955930,"stop":1700802965721,"duration":9791},"flaky":false,"newFailed":false,"newPassed":false,"newBroken":false,"retriesCount":0,"retriesStatusChange":false,"parameters":[],"tags":[]},{"name":"Clicks On Cart Logo","uid":"fdc861f6830478d1","parentUid":"7df792e5c0183db7d813fe8e1d1259bf","status":"passed","time":{"start":1700802974410,"stop":1700802978163,"duration":3753},"flaky":false,"newFailed":false,"newPassed":false,"newBroken":false,"retriesCount":0,"retriesStatusChange":false,"parameters":[],"tags":[]},{"name":"Clicks On Add to Cart Button On A Product","uid":"360f133f074dc965","parentUid":"7df792e5c0183db7d813fe8e1d1259bf","status":"failed","time":{"start":1700802989042,"stop":1700802993886,"duration":4844},"flaky":false,"newFailed":false,"newPassed":false,"newBroken":false,"retriesCount":0,"retriesStatusChange":false,"parameters":[],"tags":[]},{"name":"Checks Product Can Be Deleted From The Cart","uid":"bd1825ed3f0d796a","parentUid":"7df792e5c0183db7d813fe8e1d1259bf","status":"broken","time":{"start":1700803003811,"stop":1700803028209,"duration":24398},"flaky":false,"newFailed":false,"newPassed":false,"newBroken":false,"retriesCount":0,"retriesStatusChange":false,"parameters":[],"tags":[]}],"uid":"7df792e5c0183db7d813fe8e1d1259bf"}]}