{"uid":"4b4757e66a1912dae1a509f688f20b0f","name":"categories","children":[{"name":"Product defects","children":[{"name":"expected [Shopping Cart] but found [AllParts Equipment & Accessories OEM Quality Replacement Parts]","children":[{"name":"Clicks On Add to Cart Button On A Product","uid":"360f133f074dc965","parentUid":"3e3584235f7768da03b18c97be6b1a4a","status":"failed","time":{"start":1700802989042,"stop":1700802993886,"duration":4844},"flaky":false,"newFailed":false,"newPassed":false,"newBroken":false,"retriesCount":0,"retriesStatusChange":false,"parameters":[],"tags":[]}],"uid":"3e3584235f7768da03b18c97be6b1a4a"}],"uid":"8fb3a91ba5aaf9de24cc8a92edc82b5d"},{"name":"Test defects","children":[{"name":"Expected condition failed: waiting for element to be clickable: Proxy element for: DefaultElementLocator 'By.xpath: //a[@aria-label='Mini Cart']//span[@class='counter qty']' (tried for 20 second(s) with 500 milliseconds interval)","children":[{"name":"Checks Product Can Be Deleted From The Cart","uid":"bd1825ed3f0d796a","parentUid":"c0adfb30973935b11a4ee5b547487fa5","status":"broken","time":{"start":1700803003811,"stop":1700803028209,"duration":24398},"flaky":false,"newFailed":false,"newPassed":false,"newBroken":false,"retriesCount":0,"retriesStatusChange":false,"parameters":[],"tags":[]}],"uid":"c0adfb30973935b11a4ee5b547487fa5"}],"uid":"bdbf199525818fae7a8651db9eafe741"}]}