{"uid":"83edc06c07f9ae9e47eb6dd1b683e4e2","name":"packages","children":[{"name":"testCases","children":[{"name":"SearchTest","children":[{"name":"searchItemsWithKeyword","uid":"44049af03735b301","parentUid":"d9e9bcfa3e43185447b1d5f86aae2ffb","status":"passed","time":{"start":1700802809082,"stop":1700802815335,"duration":6253},"flaky":false,"newFailed":false,"newPassed":false,"newBroken":false,"retriesCount":0,"retriesStatusChange":false,"parameters":[],"tags":[]},{"name":"searchItemsWithKeyNumbers","uid":"b4c629f1c7662af2","parentUid":"d9e9bcfa3e43185447b1d5f86aae2ffb","status":"passed","time":{"start":1700802827464,"stop":1700802833981,"duration":6517},"flaky":false,"newFailed":false,"newPassed":false,"newBroken":false,"retriesCount":0,"retriesStatusChange":false,"parameters":[],"tags":[]},{"name":"searchButtonIsDisabledWhenWeDontEnterAnyValue","uid":"e3801c4e39ba1db","parentUid":"d9e9bcfa3e43185447b1d5f86aae2ffb","status":"passed","time":{"start":1700802846488,"stop":1700802846653,"duration":165},"flaky":false,"newFailed":false,"newPassed":false,"newBroken":false,"retriesCount":0,"retriesStatusChange":false,"parameters":[],"tags":[]},{"name":"searchBtnIsWokringFineWhenWeEnterWrongInp","uid":"22cda6cf7204b424","parentUid":"d9e9bcfa3e43185447b1d5f86aae2ffb","status":"passed","time":{"start":1700802861264,"stop":1700802871386,"duration":10122},"flaky":false,"newFailed":false,"newPassed":false,"newBroken":false,"retriesCount":0,"retriesStatusChange":false,"parameters":[],"tags":[]}],"uid":"d9e9bcfa3e43185447b1d5f86aae2ffb"},{"name":"NavBarButtonsTest","children":[{"name":"checkhomebutton","uid":"747a98ad1d79f95b","parentUid":"e2af81dcd70a4d2a79c9a0d1608498d3","status":"passed","time":{"start":1700802883889,"stop":1700802887268,"duration":3379},"flaky":false,"newFailed":false,"newPassed":false,"newBroken":false,"retriesCount":0,"retriesStatusChange":false,"parameters":[],"tags":[]},{"name":"checkAboutButton","uid":"31300769117124eb","parentUid":"e2af81dcd70a4d2a79c9a0d1608498d3","status":"passed","time":{"start":1700802899944,"stop":1700802903071,"duration":3127},"flaky":false,"newFailed":false,"newPassed":false,"newBroken":false,"retriesCount":0,"retriesStatusChange":false,"parameters":[],"tags":[]},{"name":"checkBlog","uid":"fc990e53aa758d90","parentUid":"e2af81dcd70a4d2a79c9a0d1608498d3","status":"passed","time":{"start":1700802913198,"stop":1700802916630,"duration":3432},"flaky":false,"newFailed":false,"newPassed":false,"newBroken":false,"retriesCount":0,"retriesStatusChange":false,"parameters":[],"tags":[]},{"name":"checkContact","uid":"c8bf2be69b440106","parentUid":"e2af81dcd70a4d2a79c9a0d1608498d3","status":"passed","time":{"start":1700802927002,"stop":1700802930367,"duration":3365},"flaky":false,"newFailed":false,"newPassed":false,"newBroken":false,"retriesCount":0,"retriesStatusChange":false,"parameters":[],"tags":[]},{"name":"checkShippingST","uid":"3e6b58fd716dba19","parentUid":"e2af81dcd70a4d2a79c9a0d1608498d3","status":"passed","time":{"start":1700802941483,"stop":1700802944232,"duration":2749},"flaky":false,"newFailed":false,"newPassed":false,"newBroken":false,"retriesCount":0,"retriesStatusChange":false,"parameters":[],"tags":[]}],"uid":"e2af81dcd70a4d2a79c9a0d1608498d3"},{"name":"CartTestCases","children":[{"name":"Quantity","uid":"67d6269ae974846f","parentUid":"efa3e9997a0bee2dbcc1ca53b7156ce2","status":"passed","time":{"start":1700802955930,"stop":1700802965721,"duration":9791},"flaky":false,"newFailed":false,"newPassed":false,"newBroken":false,"retriesCount":0,"retriesStatusChange":false,"parameters":[],"tags":[]},{"name":"cartLogo","uid":"fdc861f6830478d1","parentUid":"efa3e9997a0bee2dbcc1ca53b7156ce2","status":"passed","time":{"start":1700802974410,"stop":1700802978163,"duration":3753},"flaky":false,"newFailed":false,"newPassed":false,"newBroken":false,"retriesCount":0,"retriesStatusChange":false,"parameters":[],"tags":[]},{"name":"cartTest1","uid":"360f133f074dc965","parentUid":"efa3e9997a0bee2dbcc1ca53b7156ce2","status":"failed","time":{"start":1700802989042,"stop":1700802993886,"duration":4844},"flaky":false,"newFailed":false,"newPassed":false,"newBroken":false,"retriesCount":0,"retriesStatusChange":false,"parameters":[],"tags":[]},{"name":"checkProductDeletion","uid":"bd1825ed3f0d796a","parentUid":"efa3e9997a0bee2dbcc1ca53b7156ce2","status":"broken","time":{"start":1700803003811,"stop":1700803028209,"duration":24398},"flaky":false,"newFailed":false,"newPassed":false,"newBroken":false,"retriesCount":0,"retriesStatusChange":false,"parameters":[],"tags":[]}],"uid":"efa3e9997a0bee2dbcc1ca53b7156ce2"}],"uid":"cfc8e8fdd97a2be9c902f7e7586bd330"}]}