{"uid":"ab17fc5a4eb3bca4b216b548c7f9fcbc","name":"timeline","children":[{"name":"DESKTOP-7S7LCUO","children":[{"name":"21136@DESKTOP-7S7LCUO.main(1)","children":[{"name":"Checks Product Quantity Can Be Changed","uid":"67d6269ae974846f","parentUid":"543b80d942017396d70e15842a376106","status":"passed","time":{"start":1700802955930,"stop":1700802965721,"duration":9791},"flaky":false,"newFailed":false,"newPassed":false,"newBroken":false,"retriesCount":0,"retriesStatusChange":false,"parameters":[],"tags":[]},{"name":"Search button is disabled when we dont enter any data","uid":"e3801c4e39ba1db","parentUid":"543b80d942017396d70e15842a376106","status":"passed","time":{"start":1700802846488,"stop":1700802846653,"duration":165},"flaky":false,"newFailed":false,"newPassed":false,"newBroken":false,"retriesCount":0,"retriesStatusChange":false,"parameters":[],"tags":[]},{"name":"Check the contact button","uid":"c8bf2be69b440106","parentUid":"543b80d942017396d70e15842a376106","status":"passed","time":{"start":1700802927002,"stop":1700802930367,"duration":3365},"flaky":false,"newFailed":false,"newPassed":false,"newBroken":false,"retriesCount":0,"retriesStatusChange":false,"parameters":[],"tags":[]},{"name":"Search button is working properly when we enter product name","uid":"44049af03735b301","parentUid":"543b80d942017396d70e15842a376106","status":"passed","time":{"start":1700802809082,"stop":1700802815335,"duration":6253},"flaky":false,"newFailed":false,"newPassed":false,"newBroken":false,"retriesCount":0,"retriesStatusChange":false,"parameters":[],"tags":[]},{"name":"Clicks On Cart Logo","uid":"fdc861f6830478d1","parentUid":"543b80d942017396d70e15842a376106","status":"passed","time":{"start":1700802974410,"stop":1700802978163,"duration":3753},"flaky":false,"newFailed":false,"newPassed":false,"newBroken":false,"retriesCount":0,"retriesStatusChange":false,"parameters":[],"tags":[]},{"name":"Check the home button","uid":"747a98ad1d79f95b","parentUid":"543b80d942017396d70e15842a376106","status":"passed","time":{"start":1700802883889,"stop":1700802887268,"duration":3379},"flaky":false,"newFailed":false,"newPassed":false,"newBroken":false,"retriesCount":0,"retriesStatusChange":false,"parameters":[],"tags":[]},{"name":"Search button is working fine when we enter wrong input","uid":"22cda6cf7204b424","parentUid":"543b80d942017396d70e15842a376106","status":"passed","time":{"start":1700802861264,"stop":1700802871386,"duration":10122},"flaky":false,"newFailed":false,"newPassed":false,"newBroken":false,"retriesCount":0,"retriesStatusChange":false,"parameters":[],"tags":[]},{"name":"Clicks On Add to Cart Button On A Product","uid":"360f133f074dc965","parentUid":"543b80d942017396d70e15842a376106","status":"failed","time":{"start":1700802989042,"stop":1700802993886,"duration":4844},"flaky":false,"newFailed":false,"newPassed":false,"newBroken":false,"retriesCount":0,"retriesStatusChange":false,"parameters":[],"tags":[]},{"name":"Check the about button","uid":"31300769117124eb","parentUid":"543b80d942017396d70e15842a376106","status":"passed","time":{"start":1700802899944,"stop":1700802903071,"duration":3127},"flaky":false,"newFailed":false,"newPassed":false,"newBroken":false,"retriesCount":0,"retriesStatusChange":false,"parameters":[],"tags":[]},{"name":"Search items with unique numbers","uid":"b4c629f1c7662af2","parentUid":"543b80d942017396d70e15842a376106","status":"passed","time":{"start":1700802827464,"stop":1700802833981,"duration":6517},"flaky":false,"newFailed":false,"newPassed":false,"newBroken":false,"retriesCount":0,"retriesStatusChange":false,"parameters":[],"tags":[]},{"name":"Checks Product Can Be Deleted From The Cart","uid":"bd1825ed3f0d796a","parentUid":"543b80d942017396d70e15842a376106","status":"broken","time":{"start":1700803003811,"stop":1700803028209,"duration":24398},"flaky":false,"newFailed":false,"newPassed":false,"newBroken":false,"retriesCount":0,"retriesStatusChange":false,"parameters":[],"tags":[]},{"name":"Check the shepping button","uid":"3e6b58fd716dba19","parentUid":"543b80d942017396d70e15842a376106","status":"passed","time":{"start":1700802941483,"stop":1700802944232,"duration":2749},"flaky":false,"newFailed":false,"newPassed":false,"newBroken":false,"retriesCount":0,"retriesStatusChange":false,"parameters":[],"tags":[]},{"name":"Check the Blog button","uid":"fc990e53aa758d90","parentUid":"543b80d942017396d70e15842a376106","status":"passed","time":{"start":1700802913198,"stop":1700802916630,"duration":3432},"flaky":false,"newFailed":false,"newPassed":false,"newBroken":false,"retriesCount":0,"retriesStatusChange":false,"parameters":[],"tags":[]}],"uid":"543b80d942017396d70e15842a376106"}],"uid":"3a05c340b926f425292c60df940e1da9"}]}