{"b54ee87b8aed15f99e4e80662b95126d":{"statistic":{"failed":1,"broken":0,"skipped":0,"passed":0,"unknown":0,"total":1},"items":[{"uid":"360f133f074dc965","status":"failed","statusDetails":"expected [Shopping Cart] but found [AllParts Equipment & Accessories OEM Quality Replacement Parts]","time":{"start":1700802989042,"stop":1700802993886,"duration":4844}}]},"18d390a6751e25b432e9f8a3be1d930e":{"statistic":{"failed":0,"broken":0,"skipped":0,"passed":1,"unknown":0,"total":1},"items":[{"uid":"31300769117124eb","status":"passed","time":{"start":1700802899944,"stop":1700802903071,"duration":3127}}]},"d448a086ee2c054f7176d1c0df353f63":{"statistic":{"failed":0,"broken":0,"skipped":0,"passed":1,"unknown":0,"total":1},"items":[{"uid":"44049af03735b301","status":"passed","time":{"start":1700802809082,"stop":1700802815335,"duration":6253}}]},"e5864eb023457b5107ee56db7859af3f":{"statistic":{"failed":0,"broken":0,"skipped":0,"passed":1,"unknown":0,"total":1},"items":[{"uid":"c8bf2be69b440106","status":"passed","time":{"start":1700802927002,"stop":1700802930367,"duration":3365}}]},"e2cad317f626d4d57144b89507ef2295":{"statistic":{"failed":0,"broken":0,"skipped":0,"passed":1,"unknown":0,"total":1},"items":[{"uid":"67d6269ae974846f","status":"passed","time":{"start":1700802955930,"stop":1700802965721,"duration":9791}}]},"6c44393fc011cc04d404e6f0d49f743d":{"statistic":{"failed":0,"broken":0,"skipped":0,"passed":1,"unknown":0,"total":1},"items":[{"uid":"fc990e53aa758d90","status":"passed","time":{"start":1700802913198,"stop":1700802916630,"duration":3432}}]},"753914915ee26e7172aa199ea2f5beb2":{"statistic":{"failed":0,"broken":0,"skipped":0,"passed":1,"unknown":0,"total":1},"items":[{"uid":"3e6b58fd716dba19","status":"passed","time":{"start":1700802941483,"stop":1700802944232,"duration":2749}}]},"9fbeab84c2ee5b0ca9b4a74c1d1c1e83":{"statistic":{"failed":0,"broken":0,"skipped":0,"passed":1,"unknown":0,"total":1},"items":[{"uid":"747a98ad1d79f95b","status":"passed","time":{"start":1700802883889,"stop":1700802887268,"duration":3379}}]},"96fe16edd4c3a74405d40cd350062fa4":{"statistic":{"failed":0,"broken":1,"skipped":0,"passed":0,"unknown":0,"total":1},"items":[{"uid":"bd1825ed3f0d796a","status":"broken","statusDetails":"Expected condition failed: waiting for element to be clickable: Proxy element for: DefaultElementLocator 'By.xpath: //a[@aria-label='Mini Cart']//span[@class='counter qty']' (tried for 20 second(s) with 500 milliseconds interval)","time":{"start":1700803003811,"stop":1700803028209,"duration":24398}}]},"b568d862e095b3d29bf740268e0cc4b7":{"statistic":{"failed":0,"broken":0,"skipped":0,"passed":1,"unknown":0,"total":1},"items":[{"uid":"fdc861f6830478d1","status":"passed","time":{"start":1700802974410,"stop":1700802978163,"duration":3753}}]},"5ed0deac5e8c6559cfbd54a3ff3ec136":{"statistic":{"failed":0,"broken":0,"skipped":0,"passed":1,"unknown":0,"total":1},"items":[{"uid":"b4c629f1c7662af2","status":"passed","time":{"start":1700802827464,"stop":1700802833981,"duration":6517}}]},"6229765827ee6859185f1b5039c6ee01":{"statistic":{"failed":0,"broken":0,"skipped":0,"passed":1,"unknown":0,"total":1},"items":[{"uid":"e3801c4e39ba1db","status":"passed","time":{"start":1700802846488,"stop":1700802846653,"duration":165}}]},"5e225bb4951e12c2398ff63bb5e4dbdb":{"statistic":{"failed":0,"broken":0,"skipped":0,"passed":1,"unknown":0,"total":1},"items":[{"uid":"22cda6cf7204b424","status":"passed","time":{"start":1700802861264,"stop":1700802871386,"duration":10122}}]}}